modelo,MSE_train,MSE_test,R2_train,R2_test
Lineal (sin regularización),5.903606385528549,9.261317006208571,0.9613029364330155,0.9410719784122565
Ridge (alpha=10),5.991414835975886,9.162070619905228,0.9607273680487464,0.9417034645378981
Lasso (alpha=0.05),5.960701249170141,9.391640480872692,0.9609286900108449,0.9402427546071273
